mutant_id,file,line,column,mutation,status_before_fix,status_after_fix,notes

M01,server/src/wm_logic.py,10,4,If_Statement→If_True,DETECTED,DETECTED,Validation logic correctly tested
M02,server/src/wm_logic.py,17,7,Or→And,DETECTED,DETECTED,Logical change detected by tests
M03,server/src/wm_logic.py,26,7,NotIn→In,DETECTED,DETECTED,Registry validation works
M04,server/src/wm_logic.py,9,41,None→True,SURVIVED,SURVIVED,Likely equivalent mutation
M05,server/src/wm_logic.py,18,54,None→True,SURVIVED,SURVIVED,Likely equivalent mutation