mutant_id,file,line,column,ast_class,mutation,status,run_command,evidence 

M01,server/src/wm_logic.py,10,4,If_Statement,If_Statement→If_True,DETECTED,"mutatest -s server/src/wm_logic.py","mutatest_run.txt"
M02,server/src/wm_logic.py,17,7,ast.Or,Or→And,DETECTED,"mutatest -s server/src/wm_logic.py","mutatest_run.txt"
M03,server/src/wm_logic.py,26,7,ast.NotIn,NotIn→In,DETECTED,"mutatest -s server/src/wm_logic.py","mutatest_run.txt"
M04,server/src/wm_logic.py,9,41,NameConstant,None→True,SURVIVED,"mutatest -s server/src/wm_logic.py","mutatest_run.txt"
M05,server/src/wm_logic.py,16,54,NameConstant,None→False,SURVIVED,"mutatest -s server/src/wm_logic.py","mutatest_run.txt"